{
  "osc1_wave": 0.0,
  "osc1_detune": -0.06348843,
  "osc1_level": 1.0,
  "osc2_wave": 0.0,
  "osc2_detune": 0.32805887,
  "osc2_level": 1.0,
  "osc2_octave": -1.0,
  "sub_level": 0.45502624,
  "noise_level": 0.0,
  "filter_cutoff": 0.10846549,
  "filter_resonance": 0.5,
  "filter_env_amount": 0.9925929,
  "filter_drive": 0.3518519,
  "filter_keytrack": 0.4,
  "amp_a": 0.107085966,
  "amp_d": 0.3,
  "amp_s": 0.7,
  "amp_r": 6.0,
  "fenv_a": 0.32788685,
  "fenv_d": 0.52519363,
  "fenv_s": 0.5280426,
  "fenv_r": 0.57365376,
  "lfo_rate": 2.0,
  "lfo_to_cutoff": 0.0,
  "lfo_to_pitch": 0.0,
  "master_volume": 0.2777776,
  "master_drive": 0.73544973,
  "glide": 0.01587287,
  "mono": 0.0,
  "chord_type": 9.0,
  "arp_enabled": 0.0,
  "arp_pattern": 3.0,
  "arp_rate": 6.305657,
  "arp_gate": 0.5,
  "arp_octaves": 1.0,
  "dist_enabled": 1.0,
  "dist_type": 0.0,
  "dist_drive": 0.092592195,
  "dist_tone": 0.10317451,
  "dist_mix": 0.43650818,
  "comp_enabled": 0.0,
  "comp_xover_low": 50.0,
  "comp_xover_high": 1000.0,
  "comp_threshold": -10.634918,
  "comp_ratio": 4.9206343,
  "comp_attack": 0.0143556865,
  "comp_release": 0.030674135,
  "comp_gain_low": 7.2380915,
  "comp_gain_mid": -3.3333497,
  "comp_gain_high": -8.880926
}