{
  "osc1_wave": 0.0,
  "osc1_detune": -0.06348843,
  "osc1_level": 1.0,
  "osc2_wave": 3.0,
  "osc2_detune": -4.7618866,
  "osc2_level": 1.0,
  "osc2_octave": -2.0,
  "sub_level": 1.0,
  "noise_level": 0.0,
  "filter_cutoff": 0.36772496,
  "filter_resonance": 1.0,
  "filter_env_amount": 0.40740713,
  "filter_drive": 0.7407405,
  "filter_keytrack": 1.0,
  "amp_a": 0.0029304493,
  "amp_d": 0.88011944,
  "amp_s": 0.06084654,
  "amp_r": 0.05742997,
  "fenv_a": 0.001,
  "fenv_d": 0.027156202,
  "fenv_s": 0.29894173,
  "fenv_r": 0.6585992,
  "lfo_rate": 2.4681518,
  "lfo_to_cutoff": 0.18253972,
  "lfo_to_pitch": 0.050264318,
  "master_volume": 0.49735463,
  "master_drive": 0.3095237,
  "glide": 0.01587287,
  "mono": 0.0,
  "chord_type": 10.0,
  "arp_enabled": 1.0,
  "arp_pattern": 3.0,
  "arp_rate": 8.821822,
  "arp_gate": 0.95,
  "arp_octaves": 2.0,
  "dist_enabled": 1.0,
  "dist_type": 2.0,
  "dist_drive": 0.0740743,
  "dist_tone": 0.78306884,
  "dist_mix": 1.0,
  "comp_enabled": 1.0,
  "comp_xover_low": 162.01411,
  "comp_xover_high": 6000.0,
  "comp_threshold": -39.682568,
  "comp_ratio": 3.412699,
  "comp_attack": 0.005808231,
  "comp_release": 0.05372282,
  "comp_gain_low": 24.0,
  "comp_gain_mid": 3.9047608,
  "comp_gain_high": 24.0
}