{
  "osc1_wave": 0.0,
  "osc1_detune": -0.06348843,
  "osc1_level": 1.0,
  "osc2_wave": 0.0,
  "osc2_detune": -3.4391446,
  "osc2_level": 0.0,
  "osc2_octave": -1.0,
  "sub_level": 1.0,
  "noise_level": 0.0,
  "filter_cutoff": 0.35449728,
  "filter_resonance": 0.7248677,
  "filter_env_amount": 0.34391564,
  "filter_drive": 0.46560857,
  "filter_keytrack": 0.4,
  "amp_a": 0.23081113,
  "amp_d": 1.0262346,
  "amp_s": 0.75290996,
  "amp_r": 0.84832144,
  "fenv_a": 0.0025689763,
  "fenv_d": 1.505652,
  "fenv_s": 0.3534395,
  "fenv_r": 0.021347601,
  "lfo_rate": 0.6314995,
  "lfo_to_cutoff": 0.04761912,
  "lfo_to_pitch": 0.3915346,
  "master_volume": 0.9603173,
  "master_drive": 0.73544973,
  "glide": 0.01587287,
  "mono": 0.0,
  "chord_type": 0.0,
  "arp_enabled": 0.0,
  "arp_pattern": 0.0,
  "arp_rate": 6.0382886,
  "arp_gate": 0.540476,
  "arp_octaves": 1.0,
  "dist_enabled": 1.0,
  "dist_type": 3.0,
  "dist_drive": 1.0,
  "dist_tone": 0.58201057,
  "dist_mix": 1.0,
  "comp_enabled": 0.0,
  "comp_xover_low": 98.31535,
  "comp_xover_high": 2496.376,
  "comp_threshold": -43.80954,
  "comp_ratio": 20.0,
  "comp_attack": 0.021462504,
  "comp_release": 0.2748865,
  "comp_gain_low": 20.09524,
  "comp_gain_mid": 6.95238,
  "comp_gain_high": -11.714294
}