{
  "osc1_wave": 0.0,
  "osc1_detune": -0.06348843,
  "osc1_level": 1.0,
  "osc2_wave": 0.0,
  "osc2_detune": 0.32805887,
  "osc2_level": 0.0,
  "osc2_octave": -1.0,
  "sub_level": 0.45502624,
  "noise_level": 0.0,
  "filter_cutoff": 0.24338616,
  "filter_resonance": 1.0,
  "filter_env_amount": 0.5079366,
  "filter_drive": 0.28042346,
  "filter_keytrack": 0.4,
  "amp_a": 0.008040449,
  "amp_d": 0.001,
  "amp_s": 0.7,
  "amp_r": 0.8483346,
  "fenv_a": 0.0025689763,
  "fenv_d": 1.505652,
  "fenv_s": 0.3534395,
  "fenv_r": 0.57365376,
  "lfo_rate": 2.0,
  "lfo_to_cutoff": 0.0,
  "lfo_to_pitch": 0.0,
  "master_volume": 0.76719546,
  "master_drive": 0.73544973,
  "glide": 0.01587287,
  "mono": 0.0,
  "chord_type": 13.0,
  "arp_enabled": 1.0,
  "arp_pattern": 0.0,
  "arp_rate": 6.5139217,
  "arp_gate": 0.05,
  "arp_octaves": 1.0,
  "dist_enabled": 1.0,
  "dist_type": 0.0,
  "dist_drive": 0.76454973,
  "dist_tone": 0.10317451,
  "dist_mix": 0.43650818,
  "comp_enabled": 0.0,
  "comp_xover_low": 100.74027,
  "comp_xover_high": 2496.376,
  "comp_threshold": -48.730145,
  "comp_ratio": 5.3227525,
  "comp_attack": 0.012222484,
  "comp_release": 0.71097076,
  "comp_gain_low": 7.0476317,
  "comp_gain_mid": -12.0,
  "comp_gain_high": 20.380945
}