{
  "osc1_wave": 0.0,
  "osc1_detune": -0.06348843,
  "osc1_level": 1.0,
  "osc2_wave": 3.0,
  "osc2_detune": 0.000008477105,
  "osc2_level": 0.0,
  "osc2_octave": -1.0,
  "sub_level": 1.0,
  "noise_level": 0.0,
  "filter_cutoff": 0.052909937,
  "filter_resonance": 0.43650794,
  "filter_env_amount": 0.57672,
  "filter_drive": 0.7407405,
  "filter_keytrack": 1.0,
  "amp_a": 0.20682898,
  "amp_d": 0.06754878,
  "amp_s": 0.75290996,
  "amp_r": 0.6896174,
  "fenv_a": 0.0025689763,
  "fenv_d": 1.505652,
  "fenv_s": 0.72645533,
  "fenv_r": 0.8101716,
  "lfo_rate": 2.0732548,
  "lfo_to_cutoff": 0.0873013,
  "lfo_to_pitch": 0.15079328,
  "master_volume": 1.0,
  "master_drive": 0.20105812,
  "glide": 0.01587287,
  "mono": 0.0,
  "chord_type": 10.0,
  "arp_enabled": 1.0,
  "arp_pattern": 2.0,
  "arp_rate": 3.2921853,
  "arp_gate": 0.4761904,
  "arp_octaves": 1.0,
  "dist_enabled": 1.0,
  "dist_type": 3.0,
  "dist_drive": 0.010581801,
  "dist_tone": 0.66137576,
  "dist_mix": 1.0,
  "comp_enabled": 0.0,
  "comp_xover_low": 95.9488,
  "comp_xover_high": 2731.6387,
  "comp_threshold": -25.555563,
  "comp_ratio": 20.0,
  "comp_attack": 0.01686111,
  "comp_release": 0.21283495,
  "comp_gain_low": 8.095215,
  "comp_gain_mid": 5.8095217,
  "comp_gain_high": 3.8095214
}