{
  "osc1_wave": 0.0,
  "osc1_detune": -0.06348843,
  "osc1_level": 1.0,
  "osc2_wave": 3.0,
  "osc2_detune": -4.7618866,
  "osc2_level": 1.0,
  "osc2_octave": -2.0,
  "sub_level": 1.0,
  "noise_level": 0.0,
  "filter_cutoff": 0.39947104,
  "filter_resonance": 0.3386241,
  "filter_env_amount": 0.28571403,
  "filter_drive": 0.7486771,
  "filter_keytrack": 0.88624316,
  "amp_a": 0.12486427,
  "amp_d": 1.5915896,
  "amp_s": 0.34656075,
  "amp_r": 0.09750502,
  "fenv_a": 0.026294231,
  "fenv_d": 0.1261584,
  "fenv_s": 0.039682347,
  "fenv_r": 0.057430178,
  "lfo_rate": 16.535784,
  "lfo_to_cutoff": 0.5396823,
  "lfo_to_pitch": 0.82010585,
  "master_volume": 0.40476176,
  "master_drive": 0.589947,
  "glide": 0.01587287,
  "mono": 0.0,
  "chord_type": 5.0,
  "arp_enabled": 0.0,
  "arp_pattern": 4.0,
  "arp_rate": 5.658344,
  "arp_gate": 0.05,
  "arp_octaves": 2.0,
  "dist_enabled": 1.0,
  "dist_type": 2.0,
  "dist_drive": 1.0,
  "dist_tone": 0.59788346,
  "dist_mix": 1.0,
  "comp_enabled": 1.0,
  "comp_xover_low": 257.40112,
  "comp_xover_high": 6000.0,
  "comp_threshold": -40.476196,
  "comp_ratio": 1.0,
  "comp_attack": 0.0007933881,
  "comp_release": 0.032600757,
  "comp_gain_low": 24.0,
  "comp_gain_mid": -12.0,
  "comp_gain_high": 24.0
}