{
  "osc1_wave": 0.0,
  "osc1_detune": -0.06348843,
  "osc1_level": 1.0,
  "osc2_wave": 3.0,
  "osc2_detune": -4.7618866,
  "osc2_level": 1.0,
  "osc2_octave": -2.0,
  "sub_level": 1.0,
  "noise_level": 0.0,
  "filter_cutoff": 0.30158716,
  "filter_resonance": 0.2857143,
  "filter_env_amount": 0.40740713,
  "filter_drive": 1.0,
  "filter_keytrack": 1.0,
  "amp_a": 0.0029304493,
  "amp_d": 0.88011944,
  "amp_s": 0.06084654,
  "amp_r": 0.052379288,
  "fenv_a": 0.0036494418,
  "fenv_d": 0.008488252,
  "fenv_s": 1.0,
  "fenv_r": 0.015467439,
  "lfo_rate": 7.4857364,
  "lfo_to_cutoff": 1.0,
  "lfo_to_pitch": 1.0,
  "master_volume": 0.2936508,
  "master_drive": 0.3095237,
  "glide": 0.01587287,
  "mono": 0.0,
  "chord_type": 8.0,
  "arp_enabled": 1.0,
  "arp_pattern": 1.0,
  "arp_rate": 12.888452,
  "arp_gate": 0.05,
  "arp_octaves": 1.0,
  "dist_enabled": 1.0,
  "dist_type": 1.0,
  "dist_drive": 1.0,
  "dist_tone": 1.0,
  "dist_mix": 1.0,
  "comp_enabled": 1.0,
  "comp_xover_low": 500.0,
  "comp_xover_high": 1000.0,
  "comp_threshold": -23.650808,
  "comp_ratio": 20.0,
  "comp_attack": 0.011979163,
  "comp_release": 0.01,
  "comp_gain_low": -12.0,
  "comp_gain_mid": 16.0,
  "comp_gain_high": -2.2857118
}