{
  "osc1_wave": 0.0,
  "osc1_detune": -0.06348843,
  "osc1_level": 1.0,
  "osc2_wave": 3.0,
  "osc2_detune": -4.7618866,
  "osc2_level": 1.0,
  "osc2_octave": -2.0,
  "sub_level": 1.0,
  "noise_level": 0.0,
  "filter_cutoff": 0.36772496,
  "filter_resonance": 1.0,
  "filter_env_amount": 0.40740713,
  "filter_drive": 0.7407405,
  "filter_keytrack": 1.0,
  "amp_a": 0.0029304493,
  "amp_d": 0.88011944,
  "amp_s": 0.06084654,
  "amp_r": 0.05742997,
  "fenv_a": 0.001,
  "fenv_d": 0.008488252,
  "fenv_s": 0.29894173,
  "fenv_r": 0.046685684,
  "lfo_rate": 7.4857364,
  "lfo_to_cutoff": 0.0,
  "lfo_to_pitch": 1.0,
  "master_volume": 0.2936508,
  "master_drive": 0.3095237,
  "glide": 0.01587287,
  "mono": 0.0,
  "chord_type": 2.0,
  "arp_enabled": 1.0,
  "arp_pattern": 1.0,
  "arp_rate": 16.714748,
  "arp_gate": 0.05,
  "arp_octaves": 1.0,
  "dist_enabled": 0.0,
  "dist_type": 3.0,
  "dist_drive": 0.7592597,
  "dist_tone": 0.79100525,
  "dist_mix": 1.0,
  "comp_enabled": 1.0,
  "comp_xover_low": 162.01411,
  "comp_xover_high": 6000.0,
  "comp_threshold": -26.03178,
  "comp_ratio": 20.0,
  "comp_attack": 0.026775816,
  "comp_release": 0.01,
  "comp_gain_low": 0.19047852,
  "comp_gain_mid": 3.9047608,
  "comp_gain_high": 14.571424
}