{
  "osc1_wave": 0.0,
  "osc1_detune": -0.06348843,
  "osc1_level": 1.0,
  "osc2_wave": 3.0,
  "osc2_detune": 0.000008477105,
  "osc2_level": 0.0,
  "osc2_octave": -1.0,
  "sub_level": 1.0,
  "noise_level": 0.0,
  "filter_cutoff": 0.09259245,
  "filter_resonance": 0.7857142,
  "filter_env_amount": 0.17989466,
  "filter_drive": 0.7407405,
  "filter_keytrack": 1.0,
  "amp_a": 0.13046579,
  "amp_d": 0.00877802,
  "amp_s": 0.1656084,
  "amp_r": 0.6896174,
  "fenv_a": 0.0025689763,
  "fenv_d": 1.505652,
  "fenv_s": 0.72645533,
  "fenv_r": 0.8101716,
  "lfo_rate": 2.0732548,
  "lfo_to_cutoff": 0.0873013,
  "lfo_to_pitch": 0.15079328,
  "master_volume": 0.33862442,
  "master_drive": 0.15873007,
  "glide": 0.01587287,
  "mono": 0.0,
  "chord_type": 4.0,
  "arp_enabled": 1.0,
  "arp_pattern": 0.0,
  "arp_rate": 3.2921853,
  "arp_gate": 0.4761904,
  "arp_octaves": 2.0,
  "dist_enabled": 0.0,
  "dist_type": 3.0,
  "dist_drive": 0.0,
  "dist_tone": 0.039682847,
  "dist_mix": 1.0,
  "comp_enabled": 1.0,
  "comp_xover_low": 95.9488,
  "comp_xover_high": 2731.6387,
  "comp_threshold": -23.80952,
  "comp_ratio": 7.4338636,
  "comp_attack": 0.15712175,
  "comp_release": 0.21283495,
  "comp_gain_low": 8.095215,
  "comp_gain_mid": 5.8095217,
  "comp_gain_high": -1.2380983
}