{
  "osc1_wave": 0.0,
  "osc1_detune": -0.06348843,
  "osc1_level": 1.0,
  "osc2_wave": 3.0,
  "osc2_detune": -4.7618866,
  "osc2_level": 1.0,
  "osc2_octave": -2.0,
  "sub_level": 0.0,
  "noise_level": 0.0,
  "filter_cutoff": 0.74338627,
  "filter_resonance": 0.7962963,
  "filter_env_amount": 0.28571403,
  "filter_drive": 0.6931217,
  "filter_keytrack": 0.88624316,
  "amp_a": 0.12486427,
  "amp_d": 0.07214485,
  "amp_s": 0.018518405,
  "amp_r": 0.09750502,
  "fenv_a": 0.026294231,
  "fenv_d": 0.1261584,
  "fenv_s": 0.039682347,
  "fenv_r": 0.057430178,
  "lfo_rate": 20.0,
  "lfo_to_cutoff": 0.3306878,
  "lfo_to_pitch": 0.24867724,
  "master_volume": 0.2936508,
  "master_drive": 0.3095237,
  "glide": 0.01587287,
  "mono": 0.0,
  "chord_type": 5.0,
  "arp_enabled": 0.0,
  "arp_pattern": 4.0,
  "arp_rate": 5.658344,
  "arp_gate": 0.05,
  "arp_octaves": 2.0,
  "dist_enabled": 1.0,
  "dist_type": 2.0,
  "dist_drive": 1.0,
  "dist_tone": 1.0,
  "dist_mix": 1.0,
  "comp_enabled": 1.0,
  "comp_xover_low": 500.0,
  "comp_xover_high": 2823.7988,
  "comp_threshold": -20.634909,
  "comp_ratio": 15.023807,
  "comp_attack": 0.0007933881,
  "comp_release": 0.032600757,
  "comp_gain_low": 24.0,
  "comp_gain_mid": -2.285724,
  "comp_gain_high": 18.476196
}