{
  "osc1_wave": 0.0,
  "osc1_detune": -0.06348843,
  "osc1_level": 1.0,
  "osc2_wave": 3.0,
  "osc2_detune": -4.7618866,
  "osc2_level": 1.0,
  "osc2_octave": -2.0,
  "sub_level": 1.0,
  "noise_level": 0.0,
  "filter_cutoff": 0.97089934,
  "filter_resonance": 0.48148158,
  "filter_env_amount": 0.64021134,
  "filter_drive": 0.7407405,
  "filter_keytrack": 1.0,
  "amp_a": 0.0029304493,
  "amp_d": 0.0044461996,
  "amp_s": 0.0,
  "amp_r": 0.0075782537,
  "fenv_a": 0.0025689763,
  "fenv_d": 0.42172384,
  "fenv_s": 0.74232835,
  "fenv_r": 0.8101716,
  "lfo_rate": 2.8466086,
  "lfo_to_cutoff": 0.2751319,
  "lfo_to_pitch": 0.3492062,
  "master_volume": 1.0,
  "master_drive": 0.3095237,
  "glide": 0.01587287,
  "mono": 0.0,
  "chord_type": 0.0,
  "arp_enabled": 0.0,
  "arp_pattern": 0.0,
  "arp_rate": 4.605874,
  "arp_gate": 0.4761904,
  "arp_octaves": 2.0,
  "dist_enabled": 1.0,
  "dist_type": 2.0,
  "dist_drive": 1.0,
  "dist_tone": 1.0,
  "dist_mix": 1.0,
  "comp_enabled": 1.0,
  "comp_xover_low": 92.50531,
  "comp_xover_high": 2731.6387,
  "comp_threshold": -15.396852,
  "comp_ratio": 16.079363,
  "comp_attack": 0.2,
  "comp_release": 0.045853864,
  "comp_gain_low": 24.0,
  "comp_gain_mid": 6.095239,
  "comp_gain_high": 4.0952516
}