{
  "osc1_wave": 0.0,
  "osc1_detune": -0.06348843,
  "osc1_level": 1.0,
  "osc2_wave": 3.0,
  "osc2_detune": 0.000008477105,
  "osc2_level": 0.0,
  "osc2_octave": -1.0,
  "sub_level": 0.7566136,
  "noise_level": 0.0,
  "filter_cutoff": 0.2777781,
  "filter_resonance": 0.64550257,
  "filter_env_amount": 0.9417994,
  "filter_drive": 0.7407405,
  "filter_keytrack": 1.0,
  "amp_a": 0.20682898,
  "amp_d": 0.3003358,
  "amp_s": 0.75290996,
  "amp_r": 1.118164,
  "fenv_a": 0.0025689763,
  "fenv_d": 1.505652,
  "fenv_s": 0.72645533,
  "fenv_r": 0.8101716,
  "lfo_rate": 0.30459175,
  "lfo_to_cutoff": 0.0873013,
  "lfo_to_pitch": 0.15079328,
  "master_volume": 1.0,
  "master_drive": 0.20105812,
  "glide": 0.01587287,
  "mono": 0.0,
  "chord_type": 4.0,
  "arp_enabled": 1.0,
  "arp_pattern": 0.0,
  "arp_rate": 6.802353,
  "arp_gate": 0.540476,
  "arp_octaves": 2.0,
  "dist_enabled": 1.0,
  "dist_type": 3.0,
  "dist_drive": 0.010581801,
  "dist_tone": 0.66137576,
  "dist_mix": 1.0,
  "comp_enabled": 0.0,
  "comp_xover_low": 95.9488,
  "comp_xover_high": 2731.6387,
  "comp_threshold": -25.555563,
  "comp_ratio": 20.0,
  "comp_attack": 0.01686111,
  "comp_release": 0.21283495,
  "comp_gain_low": 19.904749,
  "comp_gain_mid": -12.0,
  "comp_gain_high": 24.0
}